<?xml version="1.0" encoding="UTF-8"?>
<domain:mule-domain
        xmlns:os="http://www.mulesoft.org/schema/mule/os"
        xmlns:tls="http://www.mulesoft.org/schema/mule/tls"
        xmlns:http="http://www.mulesoft.org/schema/mule/http"
        xmlns="http://www.mulesoft.org/schema/mule/core"
        xmlns:domain="http://www.mulesoft.org/schema/mule/ee/domain" xmlns:xsi="http://www.w3.org/2001/XMLSchema-instance" xmlns:doc="http://www.mulesoft.org/schema/mule/documentation" xsi:schemaLocation="
               http://www.mulesoft.org/schema/mule/core http://www.mulesoft.org/schema/mule/core/current/mule.xsd
               http://www.mulesoft.org/schema/mule/ee/domain http://www.mulesoft.org/schema/mule/ee/domain/current/mule-domain-ee.xsd
http://www.mulesoft.org/schema/mule/http http://www.mulesoft.org/schema/mule/http/current/mule-http.xsd
http://www.mulesoft.org/schema/mule/tls http://www.mulesoft.org/schema/mule/tls/current/mule-tls.xsd
http://www.mulesoft.org/schema/mule/os http://www.mulesoft.org/schema/mule/os/current/mule-os.xsd">
	<http:listener-config name="HTTPS_Listener_Domain_config" doc:name="HTTP Listener config" doc:id="a90a09fc-e5d2-4d69-acff-1786f95eadec" >
		<http:listener-connection protocol="HTTPS" host="0.0.0.0" port="8082" >
			<tls:context >
				<tls:key-store type="jks" path="mule.jks" keyPassword="password" password="password" />
			</tls:context>
		</http:listener-connection>
	</http:listener-config>
	<http:listener-config name="HTTP_Listener_config" doc:name="HTTP Listener config" doc:id="576cb5d3-ff47-4650-846b-b562fa314742" >
		<http:listener-connection host="0.0.0.0" port="8081" />
	</http:listener-config>
	<os:config name="ObjectStore_Config" doc:name="ObjectStore Config" doc:id="6e40b4bd-8058-4ed7-93ed-2ae678d0e63c" />
	<os:object-store name="Object_store" doc:name="Object store" doc:id="8dabfcaf-6289-40e7-b871-c40702c6219a" entryTtl="-1" expirationInterval="-1" config-ref="ObjectStore_Config" />


    <!-- configure here resource to be shared within the domain -->

</domain:mule-domain>